CREATE TABLE Customer(
CustomerID int NOT NULL,
Forename varchar(255) NOT NULL,
Surname varchar(255) NOT NULL,
Address1 varchar(255) NOT NULL,
Address2 varchar(255),
Address3 varchar(255) NOT NULL,
Postcode varchar(255) NOT NULL,
CustomerEmail varchar(255) NOT NULL
);

INSERT INTO Customer VALUES(442,"Ambur","Sawdon","Glenroyal","Pit Struan Terrace","Aberdeen","AB10 2WQ","ASawdon@rovingmail.net");
INSERT INTO Customer VALUES(1484,"Kenneth","Lazarus","59 Gairn Meadows","","Aberdeen","AB10 4NF","KLazarus@eworld.co.uk");
INSERT INTO Customer VALUES(6489,"Cass","Cordeau","Glenroyal","Pit Struan Terrace","Aberdeen","AB10 6WQ","CCordeau@warmmail.com");
INSERT INTO Customer VALUES(570,"Ross","Riggs","25 Devenick Gardens","Portlethen","Aberdeen","AB12 9GN","RRiggs@warmmail.com");
INSERT INTO Customer VALUES(637,"Oralee","Nelman","51 Thistle Gardens","Portlethen","Aberdeen","AB12 2HQ","ONelman@mobilelife.co.uk");
INSERT INTO Customer VALUES(1254,"Iggy","Ashplant","78 Argyll Way","Portlethen","Aberdeen","AB12 9ZQ","IAshplant@warmmail.com");
INSERT INTO Customer VALUES(4569,"Myrvyn","Daws","1 Boyd Orr Way","","Aberdeen","AB12 8FS","MDaws@hooya.com");
INSERT INTO Customer VALUES(690,"Conney","Browning","27 Dalmaik Court","Peterculter","Aberdeen","AB14 8PT","CBrowning@rovingmail.net");
INSERT INTO Customer VALUES(60,"Barbabra","Elacoate","53 Rosewell Park","","Aberdeen","AB15 9TH","BElacoate@mobilelife.co.uk");
INSERT INTO Customer VALUES(1067,"Herold","Shervil","14 East Loan Avnue","","Aberdeen","AB16 8XU","HShervil@warmmail.com");
INSERT INTO Customer VALUES(70,"Carmina","Chivrall","2 Cairntack Street","","Belhelvie","AB23 7DR","CChivrall@rovingmail.net");
INSERT INTO Customer VALUES(69,"Zak","Carter","Craigs Farm","","Banchory","AB31 7XH","ZCarter@worldunion.org.uk");
INSERT INTO Customer VALUES(125,"Tomasina","Matczak","27 School Street","","Stonehaven","AB39 2BF","TMatczak@warmmail.com");
INSERT INTO Customer VALUES(48,"Sydel","Kennefick","71 Forrester Park","","Stonehaven","AB39 1FF","SKennefick@rovingmail.net");
INSERT INTO Customer VALUES(456,"Lila","Temple","5 Ivy Way","","Stonehaven","AB39 9SG","LTemple@rovingmail.net");
INSERT INTO Customer VALUES(23,"Mari","Singer","25 Eastside","Stoneheaven","Aberdeen","AB39 1WH","MSinger@hooya.com");
INSERT INTO Customer VALUES(657,"Nadya","Collins","88 Arduthie Place","Stonehaven","Aberdeenshire","AB39 3GN","NCollins@rovingmail.net");
INSERT INTO Customer VALUES(8008,"Ariela","Edson","88 Arduthie Place","Stonehaven","Aberdeenshire","AB39 4GN","AEdson@eworld.co.uk");
INSERT INTO Customer VALUES(22,"Berrie","Burke","7 Turin Road","Sobaren Alen","Aberdeenshire","AB41 5GH","BBurke@extralife.net");
INSERT INTO Customer VALUES(789,"Gabie","Ruppert","27 Mitherhill","","Inverurie","AB51 7TL","GRuppert@worldunion.org.uk");
INSERT INTO Customer VALUES(7809,"Jolee","Dunstall","27 Mitherhill","","Inverurie","AB51 4TL","JDunstall@eworld.co.uk");
INSERT INTO Customer VALUES(8908,"Augusta","Crellin","27 Mitherhill","","Inverurie","AB51 8TL","ACrellin@worldunion.org.uk");
INSERT INTO Customer VALUES(446,"Dorri","Bard","11 Parkview Place","","Arbroath","D11  5NJ","DBard@mobilelife.co.uk");
INSERT INTO Customer VALUES(45,"Debby","Stuart","21 Church Avenue","","Inverbervie","DD10 9UR","DStuart@warmmail.com");
INSERT INTO Customer VALUES(59,"Netty","Marnes","1 Keith Court","Arbroath","Angus","DD11 6DJ","NMarnes@mobilelife.co.uk");
INSERT INTO Customer VALUES(1324,"Dare","Gozzett","School Wynd Chapel","St.Vigeans","by Arbroath","DD11 5QR","DGozzett@worldunion.org.uk");
INSERT INTO Customer VALUES(46,"Putnem","Kluger","28 St Nicholas Way","","Dundee","DD3  3GN","PKluger@warmmail.com");
INSERT INTO Customer VALUES(948,"Gretal","Welling","22b Fintry Court","","Dundee","DD4  9TE","GWelling@eworld.co.uk");
INSERT INTO Customer VALUES(64,"Ermentrude","Stannislawski","2 Thomas Court","Carnoustie","Angus","DD7  8LN","EStannislawski@extralife.net");
INSERT INTO Customer VALUES(6973,"Agosto","Schankel","2 Thomas Court","Carnoustie","Angus","DD7  8LN","ASchankel@eworld.co.uk");
INSERT INTO Customer VALUES(9080,"Shirline","Whooley","2 Thomas Court","Carnoustie","Angus","DD7  6LN","SWhooley@eworld.co.uk");
INSERT INTO Customer VALUES(2297,"Kizzie","Smartman","287/5 Gylemuir Street","","Edinburgh","EH12 6GU","KSmartman@extralife.net");
INSERT INTO Customer VALUES(91,"Lexi","Elwin","281 Cameron Court","","Bonnyrigg","EH19 7NP","LElwin@mobilelife.co.uk");
INSERT INTO Customer VALUES(4067,"Tandi","Ogles","8 Melville Court","","Edinburgh","EH3  6AJ","TOgles@warmmail.com");
INSERT INTO Customer VALUES(5510,"Nowell","Mughal","Flat 25 / 2 Ferry Road","","Edinburgh","EH6  9TE","NMughal@warmmail.com");
INSERT INTO Customer VALUES(6606,"Helaine","Seccombe","Flat 25 / 2 Ferry Road","","Edinburgh","EH6  1TE","HSeccombe@mobilelife.co.uk");
INSERT INTO Customer VALUES(712,"Flemming","O'Criane","28 Upper Hermgate","","Edinburgh","EH6  8PD","FO'Criane@hooya.com");
INSERT INTO Customer VALUES(2354,"Doris","O'Bradane","8 Ardtoe Way","Stepps","Glasgow","G33  1XA","DO'Bradane@warmmail.com");
INSERT INTO Customer VALUES(39,"Malinde","Betham","258 Albert Street","","Glasgow","G42  8FU","MBetham@worldunion.org.uk");
INSERT INTO Customer VALUES(7862,"Maitilde","Danko","258 Albert Street","","Glasgow","G42  8FU","MDanko@eworld.co.uk");
INSERT INTO Customer VALUES(8974,"Abie","Lytle","258 Albert Street","","Glasgow","G42  1FU","ALytle@hooya.com");
INSERT INTO Customer VALUES(1234,"Tim","Hadny","257 Old Castle Street","Simshill","Glasgow","G44  9ZE","THadny@warmmail.com");
INSERT INTO Customer VALUES(7968,"Evania","Leto","257 Old Castle Street","Simshill","Glasgow","G44  3ZE","ELeto@extralife.net");
INSERT INTO Customer VALUES(804,"Dorine","Ingles","87 Ardfield Street","","Glasgow","G51  5EB","DIngles@rovingmail.net");
INSERT INTO Customer VALUES(89,"Helen","Stille","39 Leithland Street","","Glasgow","G53  5NS","HStille@rovingmail.net");
INSERT INTO Customer VALUES(6125,"Melisa","Temple","30 Cairns Gardens","Milngavie","Glasgow","G62  6JA","MTemple@mobilelife.co.uk");
INSERT INTO Customer VALUES(7864,"Austen","Temple","30 Cairns Gardens","Milngavie","Glasgow","G62  4JA","ATemple@rovingmail.net");
INSERT INTO Customer VALUES(3149,"Stanislaus","Jezard","2 Barlae Drive","Egleham","Glasgow","G76  4AD","SJezard@worldunion.org.uk");
INSERT INTO Customer VALUES(6589,"Coletta","Rhodef","60 Barlae Drive","Egleham","Glasgow","G76  4AD","CRhodef@hooya.com");
INSERT INTO Customer VALUES(7853,"Zach","Crohan","22 Barlae Drive","Egleham","Glasgow","G76  3AD","ZCrohan@eworld.co.uk");
INSERT INTO Customer VALUES(9053,"Ulrika","Klewer","22 Barlae Drive","Egleham","Glasgow","G76  5AD","UKlewer@mobilelife.co.uk");
INSERT INTO Customer VALUES(4033,"Jermayne","Biglin","31 Burley Drive","Eaglesham","Glasgow","G76  3AO","JBiglin@eworld.co.uk");
INSERT INTO Customer VALUES(3699,"Georgianna","Dodwell","57 Seres Street","Clarkston","Glasgow","G76  9GQ","GDodwell@extralife.net");
INSERT INTO Customer VALUES(21,"Alan","McGill","52 Russell Way","Busby","East Renfrewshire","G76  7NJ","AMcGill@rovingmail.net");
INSERT INTO Customer VALUES(7489,"Paton","Levensky","52 Russell Way","Busby","East Renfrewshire","G76  5NJ","PLevensky@mobilelife.co.uk");
INSERT INTO Customer VALUES(6448,"Sheffie","Furnival","52 Gleniffer Gardens","","Barrhead","G78  5AJ","SFurnival@warmmail.com");
INSERT INTO Customer VALUES(817,"Aggi","Buttel","29 Commore Drive","Barrhead","Glasgow","G78  2GN","AButtel@worldunion.org.uk");
INSERT INTO Customer VALUES(489,"Osgood","Skamal","25 Craighirst Gardens","Hardgate","Clydebank","G81  9QL","OSkamal@worldunion.org.uk");
INSERT INTO Customer VALUES(1098,"Pam","Haldenby","17 Sunny Court","","Norwich","NR1  3RE","PHaldenby@mobilelife.co.uk");
INSERT INTO Customer VALUES(1212,"Tonye","Reis","8 Vera Street","Rackheath","Norwich","NR13 4SP","TReis@extralife.net");
INSERT INTO Customer VALUES(159,"Pennie","Atkins","2 Norman Street","","Norwich","NR3  7ER","PAtkins@eworld.co.uk");
INSERT INTO Customer VALUES(6014,"Ricardo","Behringer","29 Valley Street","","Norwich","NR5  9DB","RBehringer@warmmail.com");
INSERT INTO Customer VALUES(1410,"Conrade","La Batie","1 Wrenningham Street","Old Catton","Norwich","NR6  6DE","CLa Batie@warmmail.com");
INSERT INTO Customer VALUES(904,"Dory","Trevon","Stocks Court","Bawburgh","Norwich","NR9  6LL","DTrevon@rovingmail.net");
INSERT INTO Customer VALUES(4483,"Karlie","Havoc","277 Sandy Street","","Renfrew","PA4  3UB","KHavoc@eworld.co.uk");

CREATE TABLE CustOrder(
OrderNo int NOT NULL,
CustomerID int NOT NULL,
OrderDate date NOT NULL,
OrderDispatched date
);

INSERT INTO CustOrder VALUES(313,1324,"2008-01-30","2008-01-31");
INSERT INTO CustOrder VALUES(421,904,"2008-05-26","2008-05-26");
INSERT INTO CustOrder VALUES(674,4067,"2007-01-25","2007-01-25");
INSERT INTO CustOrder VALUES(701,817,"2007-03-13","2007-03-18");
INSERT INTO CustOrder VALUES(722,1410,"2008-05-02","2008-05-06");
INSERT INTO CustOrder VALUES(926,3699,"2007-07-30","2007-08-01");
INSERT INTO CustOrder VALUES(930,2297,"2008-01-30","2008-02-01");
INSERT INTO CustOrder VALUES(1011,6125,"2008-02-03","2008-02-03");
INSERT INTO CustOrder VALUES(1129,70,"2007-05-13","2007-05-13");
INSERT INTO CustOrder VALUES(1373,125,"2008-05-20","2008-05-20");
INSERT INTO CustOrder VALUES(2030,159,"2007-12-04","2007-12-04");
INSERT INTO CustOrder VALUES(2051,456,"2008-06-14","2008-06-17");
INSERT INTO CustOrder VALUES(2075,948,"2008-09-24","2008-09-24");
INSERT INTO CustOrder VALUES(2080,7853,"2007-06-11","2007-06-11");
INSERT INTO CustOrder VALUES(2219,5510,"2007-07-26","2007-07-27");
INSERT INTO CustOrder VALUES(2436,489,"2008-01-01","2008-01-01");
INSERT INTO CustOrder VALUES(2558,7489,"2007-08-29","2007-08-29");
INSERT INTO CustOrder VALUES(2722,442,"2008-09-23",NULL);
INSERT INTO CustOrder VALUES(2811,3149,"2007-01-28","2007-01-28");
INSERT INTO CustOrder VALUES(2846,804,"2008-07-03","2008-07-03");
INSERT INTO CustOrder VALUES(2957,446,"2007-09-02","2007-09-02");
INSERT INTO CustOrder VALUES(3109,6125,"2007-02-21","2007-02-21");
INSERT INTO CustOrder VALUES(3246,446,"2007-12-21","2007-12-21");
INSERT INTO CustOrder VALUES(3354,489,"2008-01-12","2008-01-12");
INSERT INTO CustOrder VALUES(3456,6606,"2008-09-30",NULL);
INSERT INTO CustOrder VALUES(3988,4067,"2008-06-16","2008-06-16");
INSERT INTO CustOrder VALUES(4397,4033,"2008-04-03","2008-04-03");
INSERT INTO CustOrder VALUES(4582,456,"2008-09-21",NULL);
INSERT INTO CustOrder VALUES(4708,70,"2007-12-24","2007-12-24");
INSERT INTO CustOrder VALUES(4734,456,"2007-12-22","2007-12-28");
INSERT INTO CustOrder VALUES(4762,637,"2007-11-11","2007-11-11");
INSERT INTO CustOrder VALUES(4859,442,"2008-10-26",NULL);
INSERT INTO CustOrder VALUES(4860,91,"2007-11-25","2007-11-25");
INSERT INTO CustOrder VALUES(4877,442,"2008-08-13","2008-08-15");
INSERT INTO CustOrder VALUES(5343,6489,"2008-02-11","2008-02-12");
INSERT INTO CustOrder VALUES(5373,6014,"2007-01-05","2007-01-05");
INSERT INTO CustOrder VALUES(5389,91,"2008-05-02","2008-05-02");
INSERT INTO CustOrder VALUES(5435,59,"2007-12-21","2007-12-21");
INSERT INTO CustOrder VALUES(5467,1324,"2008-02-11","2008-02-14");
INSERT INTO CustOrder VALUES(5481,22,"2008-01-26","2008-01-26");
INSERT INTO CustOrder VALUES(5482,6014,"2007-12-20","2007-12-20");
INSERT INTO CustOrder VALUES(5568,4033,"2007-06-24","2007-06-24");
INSERT INTO CustOrder VALUES(5602,4067,"2008-09-17",NULL);
INSERT INTO CustOrder VALUES(5983,817,"2008-09-11",NULL);
INSERT INTO CustOrder VALUES(6087,7853,"2008-01-25","2008-01-25");
INSERT INTO CustOrder VALUES(6212,456,"2007-12-21","2007-12-23");
INSERT INTO CustOrder VALUES(6291,6489,"2007-01-12","2007-01-12");
INSERT INTO CustOrder VALUES(6431,7809,"2007-05-11","2007-05-13");
INSERT INTO CustOrder VALUES(6433,125,"2007-05-19","2007-05-19");
INSERT INTO CustOrder VALUES(6546,817,"2008-05-01","2008-05-04");
INSERT INTO CustOrder VALUES(6584,22,"2007-10-10","2007-10-11");
INSERT INTO CustOrder VALUES(6711,570,"2007-09-09","2007-09-09");
INSERT INTO CustOrder VALUES(6774,4483,"2007-01-18","2007-01-18");
INSERT INTO CustOrder VALUES(6867,7853,"2007-12-21","2007-12-21");
INSERT INTO CustOrder VALUES(7003,1098,"2007-08-20","2007-08-22");
INSERT INTO CustOrder VALUES(7078,91,"2008-04-30","2008-05-02");
INSERT INTO CustOrder VALUES(7265,7809,"2008-01-26","2008-01-26");
INSERT INTO CustOrder VALUES(7402,21,"2008-01-05","2008-01-05");
INSERT INTO CustOrder VALUES(7411,64,"2008-11-14","2008-11-14");
INSERT INTO CustOrder VALUES(7914,7853,"2007-05-26","2007-05-26");
INSERT INTO CustOrder VALUES(7951,442,"2008-09-21",NULL);
INSERT INTO CustOrder VALUES(7954,70,"2007-03-05","2007-03-08");
INSERT INTO CustOrder VALUES(8536,6606,"2007-09-26","2007-09-26");
INSERT INTO CustOrder VALUES(8546,1484,"2007-11-15","2007-11-15");
INSERT INTO CustOrder VALUES(8605,59,"2007-01-25","2007-01-26");
INSERT INTO CustOrder VALUES(8655,7489,"2007-04-25","2007-04-25");
INSERT INTO CustOrder VALUES(8739,7862,"2008-05-06","2008-05-10");
INSERT INTO CustOrder VALUES(8760,7853,"2008-11-23","2008-11-23");
INSERT INTO CustOrder VALUES(8900,91,"2007-08-20","2007-08-20");
INSERT INTO CustOrder VALUES(9218,4033,"2008-04-01","2008-04-01");
INSERT INTO CustOrder VALUES(9302,6589,"2007-12-05","2007-12-05");
INSERT INTO CustOrder VALUES(9478,442,"2007-02-02","2007-02-02");
INSERT INTO CustOrder VALUES(9775,1254,"2008-01-21","2008-01-21");
INSERT INTO CustOrder VALUES(9894,489,"2008-01-05","2008-01-05");

CREATE TABLE OrderItem(
OrderNo int NOT NULL,
ItemID int NOT NULL,
Quantity int NOT NULL
);

INSERT INTO OrderItem VALUES(313,2178,2);
INSERT INTO OrderItem VALUES(313,2219,1);
INSERT INTO OrderItem VALUES(313,3589,1);
INSERT INTO OrderItem VALUES(421,5861,2);
INSERT INTO OrderItem VALUES(421,7203,1);
INSERT INTO OrderItem VALUES(421,9323,1);
INSERT INTO OrderItem VALUES(421,9605,1);
INSERT INTO OrderItem VALUES(674,2843,2);
INSERT INTO OrderItem VALUES(674,4046,2);
INSERT INTO OrderItem VALUES(701,6292,1);
INSERT INTO OrderItem VALUES(722,2178,1);
INSERT INTO OrderItem VALUES(722,5986,1);
INSERT INTO OrderItem VALUES(722,8598,3);
INSERT INTO OrderItem VALUES(926,3277,2);
INSERT INTO OrderItem VALUES(926,5337,2);
INSERT INTO OrderItem VALUES(926,6751,1);
INSERT INTO OrderItem VALUES(930,1025,3);
INSERT INTO OrderItem VALUES(1011,278,2);
INSERT INTO OrderItem VALUES(1011,4908,2);
INSERT INTO OrderItem VALUES(1011,5472,1);
INSERT INTO OrderItem VALUES(1129,8598,1);
INSERT INTO OrderItem VALUES(1373,4197,1);
INSERT INTO OrderItem VALUES(2030,1025,1);
INSERT INTO OrderItem VALUES(2030,6194,3);
INSERT INTO OrderItem VALUES(2030,6669,4);
INSERT INTO OrderItem VALUES(2030,9605,1);
INSERT INTO OrderItem VALUES(2051,3188,3);
INSERT INTO OrderItem VALUES(2051,6526,2);
INSERT INTO OrderItem VALUES(2075,1701,3);
INSERT INTO OrderItem VALUES(2075,3858,1);
INSERT INTO OrderItem VALUES(2075,6584,2);
INSERT INTO OrderItem VALUES(2080,6292,2);
INSERT INTO OrderItem VALUES(2080,8692,4);
INSERT INTO OrderItem VALUES(2219,6292,1);
INSERT INTO OrderItem VALUES(2219,7072,2);
INSERT INTO OrderItem VALUES(2219,7111,3);
INSERT INTO OrderItem VALUES(2219,9428,2);
INSERT INTO OrderItem VALUES(2436,4046,3);
INSERT INTO OrderItem VALUES(2436,6292,1);
INSERT INTO OrderItem VALUES(2436,8692,2);
INSERT INTO OrderItem VALUES(2558,868,3);
INSERT INTO OrderItem VALUES(2558,1025,1);
INSERT INTO OrderItem VALUES(2722,3858,2);
INSERT INTO OrderItem VALUES(2722,4132,3);
INSERT INTO OrderItem VALUES(2722,5472,2);
INSERT INTO OrderItem VALUES(2811,7072,3);
INSERT INTO OrderItem VALUES(2811,9605,3);
INSERT INTO OrderItem VALUES(2811,9847,3);
INSERT INTO OrderItem VALUES(2846,1157,3);
INSERT INTO OrderItem VALUES(2846,1701,2);
INSERT INTO OrderItem VALUES(2846,8598,1);
INSERT INTO OrderItem VALUES(2957,4197,2);
INSERT INTO OrderItem VALUES(2957,4908,2);
INSERT INTO OrderItem VALUES(2957,5861,2);
INSERT INTO OrderItem VALUES(2957,7108,2);
INSERT INTO OrderItem VALUES(3109,3188,2);
INSERT INTO OrderItem VALUES(3109,5126,3);
INSERT INTO OrderItem VALUES(3109,6584,2);
INSERT INTO OrderItem VALUES(3246,1025,4);
INSERT INTO OrderItem VALUES(3246,2219,4);
INSERT INTO OrderItem VALUES(3246,2415,4);
INSERT INTO OrderItem VALUES(3354,1157,1);
INSERT INTO OrderItem VALUES(3354,9323,1);
INSERT INTO OrderItem VALUES(3354,9605,1);
INSERT INTO OrderItem VALUES(3354,9847,1);
INSERT INTO OrderItem VALUES(3456,9428,5);
INSERT INTO OrderItem VALUES(3988,1025,1);
INSERT INTO OrderItem VALUES(3988,8269,1);
INSERT INTO OrderItem VALUES(4397,6669,1);
INSERT INTO OrderItem VALUES(4582,1701,1);
INSERT INTO OrderItem VALUES(4708,7111,1);
INSERT INTO OrderItem VALUES(4734,9323,1);
INSERT INTO OrderItem VALUES(4762,6751,1);
INSERT INTO OrderItem VALUES(4859,9605,2);
INSERT INTO OrderItem VALUES(4860,278,3);
INSERT INTO OrderItem VALUES(4860,2219,3);
INSERT INTO OrderItem VALUES(4877,7072,2);
INSERT INTO OrderItem VALUES(4877,8598,2);
INSERT INTO OrderItem VALUES(5343,2178,3);
INSERT INTO OrderItem VALUES(5373,3858,3);
INSERT INTO OrderItem VALUES(5373,4046,3);
INSERT INTO OrderItem VALUES(5389,6292,1);
INSERT INTO OrderItem VALUES(5435,7108,2);
INSERT INTO OrderItem VALUES(5435,7111,2);
INSERT INTO OrderItem VALUES(5467,5861,3);
INSERT INTO OrderItem VALUES(5467,8269,3);
INSERT INTO OrderItem VALUES(5467,8692,3);
INSERT INTO OrderItem VALUES(5481,2178,3);
INSERT INTO OrderItem VALUES(5481,3858,2);
INSERT INTO OrderItem VALUES(5481,4132,3);
INSERT INTO OrderItem VALUES(5481,5126,3);
INSERT INTO OrderItem VALUES(5482,3277,3);
INSERT INTO OrderItem VALUES(5568,5986,1);
INSERT INTO OrderItem VALUES(5602,3277,1);
INSERT INTO OrderItem VALUES(5602,9428,2);
INSERT INTO OrderItem VALUES(5983,2415,1);
INSERT INTO OrderItem VALUES(5983,2495,1);
INSERT INTO OrderItem VALUES(5983,9323,1);
INSERT INTO OrderItem VALUES(6087,868,2);
INSERT INTO OrderItem VALUES(6087,3188,1);
INSERT INTO OrderItem VALUES(6087,4046,3);
INSERT INTO OrderItem VALUES(6212,4908,2);
INSERT INTO OrderItem VALUES(6212,5472,2);
INSERT INTO OrderItem VALUES(6212,6584,2);
INSERT INTO OrderItem VALUES(6291,3589,3);
INSERT INTO OrderItem VALUES(6291,4046,3);
INSERT INTO OrderItem VALUES(6291,7072,3);
INSERT INTO OrderItem VALUES(6431,6751,2);
INSERT INTO OrderItem VALUES(6431,7072,2);
INSERT INTO OrderItem VALUES(6433,2843,3);
INSERT INTO OrderItem VALUES(6433,5337,3);
INSERT INTO OrderItem VALUES(6433,8598,3);
INSERT INTO OrderItem VALUES(6546,4132,1);
INSERT INTO OrderItem VALUES(6584,5126,2);
INSERT INTO OrderItem VALUES(6711,9354,1);
INSERT INTO OrderItem VALUES(6774,3188,4);
INSERT INTO OrderItem VALUES(6867,868,2);
INSERT INTO OrderItem VALUES(6867,5472,1);
INSERT INTO OrderItem VALUES(7003,4908,1);
INSERT INTO OrderItem VALUES(7078,2495,2);
INSERT INTO OrderItem VALUES(7078,3589,3);
INSERT INTO OrderItem VALUES(7078,6194,2);
INSERT INTO OrderItem VALUES(7265,7203,1);
INSERT INTO OrderItem VALUES(7402,1025,1);
INSERT INTO OrderItem VALUES(7402,4132,1);
INSERT INTO OrderItem VALUES(7402,8575,2);
INSERT INTO OrderItem VALUES(7411,2843,1);
INSERT INTO OrderItem VALUES(7411,6751,1);
INSERT INTO OrderItem VALUES(7914,6669,1);
INSERT INTO OrderItem VALUES(7951,6194,1);
INSERT INTO OrderItem VALUES(7954,7108,4);
INSERT INTO OrderItem VALUES(8536,278,1);
INSERT INTO OrderItem VALUES(8536,9323,1);
INSERT INTO OrderItem VALUES(8546,6194,2);
INSERT INTO OrderItem VALUES(8546,6526,2);
INSERT INTO OrderItem VALUES(8546,8692,2);
INSERT INTO OrderItem VALUES(8605,5337,3);
INSERT INTO OrderItem VALUES(8655,3188,1);
INSERT INTO OrderItem VALUES(8739,2178,2);
INSERT INTO OrderItem VALUES(8760,3277,3);
INSERT INTO OrderItem VALUES(8760,4908,4);
INSERT INTO OrderItem VALUES(8760,7072,2);
INSERT INTO OrderItem VALUES(8900,5126,1);
INSERT INTO OrderItem VALUES(8900,7108,1);
INSERT INTO OrderItem VALUES(9218,8269,2);
INSERT INTO OrderItem VALUES(9218,9428,2);
INSERT INTO OrderItem VALUES(9302,9354,3);
INSERT INTO OrderItem VALUES(9478,8692,1);
INSERT INTO OrderItem VALUES(9775,8575,1);
INSERT INTO OrderItem VALUES(9894,2178,3);
INSERT INTO OrderItem VALUES(9894,4046,3);
INSERT INTO OrderItem VALUES(9894,7108,3);
INSERT INTO OrderItem VALUES(9894,8575,3);

CREATE TABLE item(
ItemID int NOT NULL,
Description varchar(255) NOT NULL,
Category varchar(255) NOT NULL,
Price int NOT NULL
);

INSERT INTO item VALUES(278,"Magnetic Therapy Bracelet","Personal Grooming",12);
INSERT INTO item VALUES(868,"Screen Wipes","Computer Accessories",2);
INSERT INTO item VALUES(1025,"Quiz-a-day calendar","Office Distractions",4);
INSERT INTO item VALUES(1157,"Travel Pillow & Blindfold","Girls Gizmos",3);
INSERT INTO item VALUES(1701,"Foot Massager","Personal Grooming",23);
INSERT INTO item VALUES(2178,"Ear & Nose Hair Trimmer","Personal Grooming",14);
INSERT INTO item VALUES(2219,"Remote Control Go Karts","Boys Toys",11);
INSERT INTO item VALUES(2415,"Wireless WebCam","Computer Accessories",22);
INSERT INTO item VALUES(2495,"Roller Slim","Personal Grooming",34);
INSERT INTO item VALUES(2843,"Nail Art Set","Girls Gizmos",12);
INSERT INTO item VALUES(3188,"Mini Shaver","Boys Toys",7);
INSERT INTO item VALUES(3277,"Night Vision Glasses","Boys Toys",14);
INSERT INTO item VALUES(3589,"Magnetic Darts","Office Distractions",14);
INSERT INTO item VALUES(3858,"TV Remote Holster","Boys Toys",2);
INSERT INTO item VALUES(4046,"Phone Neck Cradle","Girls Gizmos",6);
INSERT INTO item VALUES(4132,"Stick-on Jewels","Girls Gizmos",4);
INSERT INTO item VALUES(4197,"Illuminating map reader","Girls Gizmos",3);
INSERT INTO item VALUES(4908,"Bunion Corrector","Personal Grooming",11);
INSERT INTO item VALUES(5126,"Desktop Pool","Office Distractions",14);
INSERT INTO item VALUES(5337,"USB Missile Launcher","Computer Accessories",9);
INSERT INTO item VALUES(5472,"USB Foot Warmer","Computer Accessories",13);
INSERT INTO item VALUES(5653,"DIY Health Spa","Personal Grooming",39);
INSERT INTO item VALUES(5861,"Remote Control Helicopter","Boys Toys",12);
INSERT INTO item VALUES(5986,"3-in-1 bottle opener","Boys Toys",2);
INSERT INTO item VALUES(6194,"Shaver Sharpener","Personal Grooming",7);
INSERT INTO item VALUES(6292,"Hair Bare Tweezers","Girls Gizmos",19);
INSERT INTO item VALUES(6526,"Miracle Eye Cream","Personal Grooming",18);
INSERT INTO item VALUES(6584,"Alpine Army Watch","Boys Toys",34);
INSERT INTO item VALUES(6669,"50 Arcade games console","Boys Toys",13);
INSERT INTO item VALUES(6751,"Graphics Equaliser T-Shirt","Boys Toys",19);
INSERT INTO item VALUES(7072,"Indoor Curling Set","Office Distractions",27);
INSERT INTO item VALUES(7108,"Wireless Mouse/Keyboard Set","Computer Accessories",17);
INSERT INTO item VALUES(7111,"Nordic Slippers","Personal Grooming",10);
INSERT INTO item VALUES(7203,"Ear Cleaner","Personal Grooming",12);
INSERT INTO item VALUES(8269,"LCD Projection Clock","Office Distractions",9);
INSERT INTO item VALUES(8575,"Desktop Skittles","Office Distractions",14);
INSERT INTO item VALUES(8598,"Joke-a-day calendar","Office Distractions",4);
INSERT INTO item VALUES(8692,"Newton's Cradle","Office Distractions",8);
INSERT INTO item VALUES(9323,"Electronic Parking Aid","Girls Gizmos",32);
INSERT INTO item VALUES(9354,"Quote-a-day calendar","Office Distractions",4);
INSERT INTO item VALUES(9428,"CD DVD Cleaner","Computer Accessories",2);
INSERT INTO item VALUES(9605,"Fold-away Keyboard","Computer Accessories",26);
INSERT INTO item VALUES(9847,"Pocket Size Binoculars","Boys Toys",27);
